,ep_name,label,char,text,parenthetical,page_num,season
68839,The Gang Solves the Bathroom Problem_converted,COLD_OPEN,,COLD OPEN,,3,13.0
68840,The Gang Solves the Bathroom Problem_converted,TITLE,,TITLE: 2:00 AM,,3,13.0
68841,The Gang Solves the Bathroom Problem_converted,TITLE,,TITLE: On a Friday,,3,13.0
68842,The Gang Solves the Bathroom Problem_converted,TITLE,,"TITLE: Philadelphia, PA Over black, we hear TROPICAL MUSIC.",,3,13.0
68843,The Gang Solves the Bathroom Problem_converted,SCENE_HEADING,,INT. PADDY’S PUB - CLOSING TIME (N1),,3,13.0
68844,The Gang Solves the Bathroom Problem_converted,ACTION,,"CHARLIE, FRANK and DEE wear Hawaiian shirts as they close up the bar. They dance lazily along to the music. DENNIS finishes counting out the register.",,3,13.0
68845,The Gang Solves the Bathroom Problem_converted,TRANSITION,,DENNIS,,3,13.0
68846,The Gang Solves the Bathroom Problem_converted,DIALOGUE,,"Okay, that about does it. Which means... we're officially on island time.",,3,13.0
68847,The Gang Solves the Bathroom Problem_converted,ACTION,,Dennis dons a CAPTAIN’S HAT. Dee and Charlie HIGH-FIVE.,,3,13.0
68848,The Gang Solves the Bathroom Problem_converted,TRANSITION,,DEE,,3,13.0
68849,The Gang Solves the Bathroom Problem_converted,DIALOGUE,,"Oh man. I cannot wait for this concert. Thanks for buying the tickets, Frank.",,3,13.0
68850,The Gang Solves the Bathroom Problem_converted,TRANSITION,,FRANK,,3,13.0
68851,The Gang Solves the Bathroom Problem_converted,DIALOGUE,,You kidding? I love Jimmy Buffett. Those Parrothead broads are wild.,,3,13.0
68852,The Gang Solves the Bathroom Problem_converted,TRANSITION,,CHARLIE,,3,13.0
68853,The Gang Solves the Bathroom Problem_converted,DIALOGUE,,I hope he plays the pifia colada song.,,3,13.0
68854,The Gang Solves the Bathroom Problem_converted,DIALOGUE,DENNIS,"Well, he won’t. Cuz that’s not Buffett.",,3,13.0
68855,The Gang Solves the Bathroom Problem_converted,TRANSITION,,CHARLIE,,3,13.0
68856,The Gang Solves the Bathroom Problem_converted,DIALOGUE,,"Yes, it des",,3,13.0
68857,The Gang Solves the Bathroom Problem_converted,DIALOGUE,DENNIS,If you like pina coladas...,(singing),3,13.0
68858,The Gang Solves the Bathroom Problem_converted,DIALOGUE,DENNIS,I know the song. It’s sung by a man named Rupert Holmes.,,3,13.0
68859,The Gang Solves the Bathroom Problem_converted,TRANSITION,,CHARLIE,,3,13.0
68860,The Gang Solves the Bathroom Problem_converted,DIALOGUE,,You sure it’s not Buffett? It feels like it should be.,,3,13.0
68861,The Gang Solves the Bathroom Problem_converted,DIALOGUE,DENNIS,We’ve been going to Buffett for twenty years. Have you ever heard him play it?,,3,13.0
68862,The Gang Solves the Bathroom Problem_converted,,,,,4,13.0
68863,The Gang Solves the Bathroom Problem_converted,TRANSITION,,CHARLIE,,4,13.0
68864,The Gang Solves the Bathroom Problem_converted,DIALOGUE,,"No, but he doesn’t always play all his hits every time.",,4,13.0
68865,The Gang Solves the Bathroom Problem_converted,DIALOGUE,DENNIS,"Yes, he does. That’s the only thing he does. And that’s not one of them. But request away. I won’t stop you.",,4,13.0
68866,The Gang Solves the Bathroom Problem_converted,ACTION,,The vibe could not be more chill.,,4,13.0
68867,The Gang Solves the Bathroom Problem_converted,DIALOGUE,SWEET DEE,Did you guys just disagree without fighting? That’s new.,,4,13.0
68868,The Gang Solves the Bathroom Problem_converted,TRANSITION,,DENNIS,,4,13.0
68869,The Gang Solves the Bathroom Problem_converted,DIALOGUE,,"That’s the power of Buffett. It’s five o'clock somewhere, right?",,4,13.0
68870,The Gang Solves the Bathroom Problem_converted,TITLE,,CHARLIE/ FRANK,,4,13.0
68871,The Gang Solves the Bathroom Problem_converted,DIALOGUE,,Totally./Fins up!,,4,13.0
68872,The Gang Solves the Bathroom Problem_converted,ACTION,,"Just then, MAC exits from the women’s restroom.",,4,13.0
68873,The Gang Solves the Bathroom Problem_converted,DIALOGUE,MAC,,,4,13.0
68874,The Gang Solves the Bathroom Problem_converted,DIALOGUE,MAC,If you like making love at midnight. And you've got half a brain.,(singing),4,13.0
68875,The Gang Solves the Bathroom Problem_converted,DIALOGUE,SWEET DEE,"Whoa, whoa, whoa, whoa!",,4,13.0
68876,The Gang Solves the Bathroom Problem_converted,DIALOGUE,MAC,What?,,4,13.0
68877,The Gang Solves the Bathroom Problem_converted,DIALOGUE,SWEET DEE,That’s my bathroom! You can’t use my bathroom.,,4,13.0
68878,The Gang Solves the Bathroom Problem_converted,TRANSITION,,MAC,,4,13.0
68879,The Gang Solves the Bathroom Problem_converted,DIALOGUE,,Why not?,,4,13.0
68880,The Gang Solves the Bathroom Problem_converted,TRANSITION,,DEE,,4,13.0
68881,The Gang Solves the Bathroom Problem_converted,DIALOGUE,,Because it’s for women. And you’re a man.,,4,13.0
68882,The Gang Solves the Bathroom Problem_converted,TRANSITION,,MAC,,4,13.0
68883,The Gang Solves the Bathroom Problem_converted,DIALOGUE,,"Well, I’m a gay man, and I feel more comfortable in the ladies bathroom.",,4,13.0
68884,The Gang Solves the Bathroom Problem_converted,DIALOGUE,SWEET DEE,"Well, that makes me uncomfortable.",,4,13.0
68885,The Gang Solves the Bathroom Problem_converted,,,,,5,13.0
68886,The Gang Solves the Bathroom Problem_converted,DIALOGUE,MAC,"Well, I’m uncomfortable with you being uncomfortable. It’s kinda homophobic. In fact, the whole men’s and women’s bathroom thing is antiquated.",,5,13.0
68887,The Gang Solves the Bathroom Problem_converted,TRANSITION,,DEE,,5,13.0
68888,The Gang Solves the Bathroom Problem_converted,DIALOGUE,,You're antiquated!,,5,13.0
68889,The Gang Solves the Bathroom Problem_converted,TRANSITION,,DENNIS,,5,13.0
68890,The Gang Solves the Bathroom Problem_converted,DIALOGUE,,"Okay, settle down. This always happens: we get into a tiff right before Buffett and spend the whole concert screaming at each other. Ruins the whole island vibe.",,5,13.0
68891,The Gang Solves the Bathroom Problem_converted,ACTION,,The others MURMUR agreement. That does happen.,,5,13.0
68892,The Gang Solves the Bathroom Problem_converted,TRANSITION,,DENNIS (CONT'D),,5,13.0
68893,The Gang Solves the Bathroom Problem_converted,DIALOGUE,,"Well, not this time. We’re not heading to Buffett with any petty unsolved issues.",,5,13.0
68894,The Gang Solves the Bathroom Problem_converted,ACTION,,Dennis heads for the door.,,5,13.0
68895,The Gang Solves the Bathroom Problem_converted,TRANSITION,,DENNIS (CONT'D),,5,13.0
68896,The Gang Solves the Bathroom Problem_converted,DIALOGUE,,"Guys, this whole bathroom issue is a simple problem with a simple solution. There’s no reason that anyone needs to feel uncomfortable in the bathroom.",,5,13.0
68897,The Gang Solves the Bathroom Problem_converted,DIALOGUE,MAC,"We've got eighteen hours until the concert starts, so I say... we figure it out now.",(checks watch),5,13.0
68898,The Gang Solves the Bathroom Problem_converted,ACTION,,"Dennis LOCKS the front door, dramatically. After a beat:",,5,13.0
68899,The Gang Solves the Bathroom Problem_converted,DIALOGUE,MAC,"Dennis, you know we can still open that door, right? You haven’t locked us in.",,5,13.0
68900,The Gang Solves the Bathroom Problem_converted,TRANSITION,,DENNIS,,5,13.0
68901,The Gang Solves the Bathroom Problem_converted,DIALOGUE,,"It was symbolic. I was going for dramatic effect, but now you’ve ruined it, so... It’s ruined.",,5,13.0
68902,The Gang Solves the Bathroom Problem_converted,ACTION,,The Gang stands there for an awkward beat.,,5,13.0
68903,The Gang Solves the Bathroom Problem_converted,TRANSITION,,CULT TO:,,5,13.0
68904,The Gang Solves the Bathroom Problem_converted,TRANSITION,,MAIN TITLES,,5,13.0
68905,The Gang Solves the Bathroom Problem_converted,TITLE,,TITLE: “THE GANG SOLVES THE BATHROOM PROBLEM”,,5,13.0
68906,The Gang Solves the Bathroom Problem_converted,TITLE,,TITLE: “IT’S ALWAYS SUNNY IN PHILADELPHIA”,,5,13.0
68907,The Gang Solves the Bathroom Problem_converted,,,,,6,13.0
68908,The Gang Solves the Bathroom Problem_converted,SCENE_HEADING,,2 INT. PADDY’S PUB - MOMENTS LATER (N1),,6,13.0
68909,The Gang Solves the Bathroom Problem_converted,ACTION,,The Gang unpacks bags of CHINESE FOOD.,,6,13.0
68910,The Gang Solves the Bathroom Problem_converted,TRANSITION,,DENNIS,,6,13.0
68911,The Gang Solves the Bathroom Problem_converted,DIALOGUE,,Now we’re talking. There’s never been a problem so big it can’t be solved with a late night and a little Chinese takeout.,,6,13.0
68912,The Gang Solves the Bathroom Problem_converted,TRANSITION,,CHARLIE,,6,13.0
68913,The Gang Solves the Bathroom Problem_converted,DIALOGUE,,I feel like we should’ve gotten cheeseburgers.,,6,13.0
68914,The Gang Solves the Bathroom Problem_converted,TRANSITION,,DENNIS,,6,13.0
68915,The Gang Solves the Bathroom Problem_converted,DIALOGUE,,I’m gonna save my cheeseburgers for paradise.,,6,13.0
68916,The Gang Solves the Bathroom Problem_converted,TRANSITION,,GANG,,6,13.0
68917,The Gang Solves the Bathroom Problem_converted,DIALOGUE,,Good point./Good call./Me too.,,6,13.0
68918,The Gang Solves the Bathroom Problem_converted,DIALOGUE,MAC,I'd like to start. If there are no objections.,,6,13.0
68919,The Gang Solves the Bathroom Problem_converted,ACTION,,The others mutter no objections.,,6,13.0
68920,The Gang Solves the Bathroom Problem_converted,TRANSITION,,MAC (CONT'D),,6,13.0
68921,The Gang Solves the Bathroom Problem_converted,DIALOGUE,,"Okay. I should be able to use the women's bathroom because I am a gay man, and therefore most comfortable around women.",,6,13.0
68922,The Gang Solves the Bathroom Problem_converted,TRANSITION,,DENNIS,,6,13.0
68923,The Gang Solves the Bathroom Problem_converted,DIALOGUE,,Mmm. Why?,,6,13.0
68924,The Gang Solves the Bathroom Problem_converted,DIALOGUE,MAC,"A) We both like dudes, and B) we both find women’s bodies disgusting, so there’s no hanky panky.",,6,13.0
68925,The Gang Solves the Bathroom Problem_converted,DIALOGUE,CHARLIE FRANK,,,6,13.0
68926,The Gang Solves the Bathroom Problem_converted,ACTION,,Makes sense to me. That checks out.,,6,13.0
68927,The Gang Solves the Bathroom Problem_converted,TRANSITION,,DEE,,6,13.0
68928,The Gang Solves the Bathroom Problem_converted,DIALOGUE,,May I counter?,,6,13.0
68929,The Gang Solves the Bathroom Problem_converted,DIALOGUE,MAC,The floor is yours.,,6,13.0
68930,The Gang Solves the Bathroom Problem_converted,TRANSITION,,DEE,,6,13.0
68931,The Gang Solves the Bathroom Problem_converted,DIALOGUE,,"A) Not all women like dudes. Lesbians, boom. And B) you’re disgusting. I don’t want men pooping next to me.",,6,13.0
68932,The Gang Solves the Bathroom Problem_converted,,,,,7,13.0
68933,The Gang Solves the Bathroom Problem_converted,TRANSITION,,DENNIS,,7,13.0
68934,The Gang Solves the Bathroom Problem_converted,DIALOGUE,,"Okay, let’s keep it civil. Now just to be clear, Dee, you want the genders to remain separate.",,7,13.0
68935,The Gang Solves the Bathroom Problem_converted,DIALOGUE,SWEET DEE,1 ao.,,7,13.0
68936,The Gang Solves the Bathroom Problem_converted,DIALOGUE,MAC,"Oh, so you wouldn't let a trans woman use your bathroom?",,7,13.0
68937,The Gang Solves the Bathroom Problem_converted,DIALOGUE,SWEET DEE,Of course I would!,,7,13.0
68938,The Gang Solves the Bathroom Problem_converted,DIALOGUE,MAC,"But f can ""“c.",,7,13.0
68939,The Gang Solves the Bathroom Problem_converted,DIALOGUE,SWEET DEE,No! Because you’re a gay man. You should use the men’s bathroom.,,7,13.0
68940,The Gang Solves the Bathroom Problem_converted,DIALOGUE,MAC,I don’t know why you’re suddenly being such a bitch about this. It never bothered you before.,,7,13.0
68941,The Gang Solves the Bathroom Problem_converted,TRANSITION,,DEE,,7,13.0
68942,The Gang Solves the Bathroom Problem_converted,DIALOGUE,,What are you talking about?,,7,13.0
68943,The Gang Solves the Bathroom Problem_converted,DIALOGUE,MAC,"I’ve been in the stall next to you a bunch of times. I know, because I recognized your pink heels.",,7,13.0
68944,The Gang Solves the Bathroom Problem_converted,DIALOGUE,SWEET DEE,I don’t own pink heels.,,7,13.0
68945,The Gang Solves the Bathroom Problem_converted,DIALOGUE,MAC,"Yes you do. The pink, strappy ones that somehow make your giant feet look smaller. You know the ones.",,7,13.0
68946,The Gang Solves the Bathroom Problem_converted,TRANSITION,,DEE,,7,13.0
68947,The Gang Solves the Bathroom Problem_converted,DIALOGUE,,I really don’t.,,7,13.0
68948,The Gang Solves the Bathroom Problem_converted,TRANSITION,,CHARLIE,,7,13.0
68949,The Gang Solves the Bathroom Problem_converted,DIALOGUE,,I... think I can explain this.,,7,13.0
68950,The Gang Solves the Bathroom Problem_converted,TRANSITION,,SMASH CUT TO:,,7,13.0
68951,The Gang Solves the Bathroom Problem_converted,,,,,8,13.0
68952,The Gang Solves the Bathroom Problem_converted,SCENE_HEADING,,3 INT. PADDY’S PUB - WOMEN’S BATHROOM - LATER (N1),,8,13.0
68953,The Gang Solves the Bathroom Problem_converted,ACTION,,Everyone but Charlie stands outside the stalls. This is the first time we’ve seen inside the women’s bathroom and,,8,13.0
68954,The Gang Solves the Bathroom Problem_converted,SCENE_HEADING,,it is SHOCKINGLY CLEAN.,,8,13.0
68955,The Gang Solves the Bathroom Problem_converted,DIALOGUE,DENNIS,"Charlie, I hope the explaining you’re going to do is about why this bathroom is so much cleaner than ours.",,8,13.0
68956,The Gang Solves the Bathroom Problem_converted,ACTION,,Frank pushes the lever of a soap dispenser.,,8,13.0
68957,The Gang Solves the Bathroom Problem_converted,DIALOGUE,FRANK,Ugh! Something oozed on my hand. Is that fungus?,,8,13.0
68958,The Gang Solves the Bathroom Problem_converted,DIALOGUE,DENNIS,"That’s soap, Frank.",,8,13.0
68959,The Gang Solves the Bathroom Problem_converted,DIALOGUE,FRANK,Right outta the wall? Since when?,,8,13.0
68960,The Gang Solves the Bathroom Problem_converted,DIALOGUE,SWEET DEE,"Don’t touch anything, okay? This is the last time you’re going to be in here.",,8,13.0
68961,The Gang Solves the Bathroom Problem_converted,ACTION,,Dee KNOCKS on the stall door.,,8,13.0
68962,The Gang Solves the Bathroom Problem_converted,TRANSITION,,DEE (CONT'D),,8,13.0
68963,The Gang Solves the Bathroom Problem_converted,DIALOGUE,,"C'mon, Charlie. What’s taking so long?",,8,13.0
68964,The Gang Solves the Bathroom Problem_converted,ACTION,,Dee bends down to look under the stall.,,8,13.0
68965,The Gang Solves the Bathroom Problem_converted,TRANSITION,,DEE (CONT'D),,8,13.0
68966,The Gang Solves the Bathroom Problem_converted,DIALOGUE,,What in the...?,,8,13.0
68967,The Gang Solves the Bathroom Problem_converted,ACTION,,"The others look under the stall door to see Charlie's feet, strapped into PINK HEELS.",,8,13.0
68968,The Gang Solves the Bathroom Problem_converted,TRANSITION,,MAC,,8,13.0
68969,The Gang Solves the Bathroom Problem_converted,DIALOGUE,,That’s them! The pink heels!,,8,13.0
68970,The Gang Solves the Bathroom Problem_converted,TRANSITION,,CHARLIE (0.S.),,8,13.0
68971,The Gang Solves the Bathroom Problem_converted,DIALOGUE,,I can explain.,,8,13.0
68972,The Gang Solves the Bathroom Problem_converted,TRANSITION,,FRANK,,8,13.0
68973,The Gang Solves the Bathroom Problem_converted,DIALOGUE,,"Charlie, you a crossdresser?",,8,13.0
68974,The Gang Solves the Bathroom Problem_converted,TRANSITION,,CHARLIE (0.S.),,8,13.0
68975,The Gang Solves the Bathroom Problem_converted,DIALOGUE,,"No, it’s just-- I like to use the ladies’ room, because it’s quieter, less crowded--",,8,13.0
68976,The Gang Solves the Bathroom Problem_converted,,,,,9,13.0
68977,The Gang Solves the Bathroom Problem_converted,DIALOGUE,DENNIS,--it’s actually clean.,,9,13.0
68978,The Gang Solves the Bathroom Problem_converted,DIALOGUE,CHARLIE,"That, too. But I don’t want to make the women uncomfortable, so I wear the heels.",,9,13.0
68979,The Gang Solves the Bathroom Problem_converted,ACTION,,Mac peeks over the top of the door.,,9,13.0
68980,The Gang Solves the Bathroom Problem_converted,DIALOGUE,MAC,"Okay, the heels I get. But why the wig?",,9,13.0
68981,The Gang Solves the Bathroom Problem_converted,DIALOGUE,CHARLIE,You’re really gonna make me go through the whole thing? Fine.,,9,13.0
68982,The Gang Solves the Bathroom Problem_converted,ACTION,,"Charlie exits the stall. He’s wearing PINK HEELS, a BLONDE WIG, and a FLOWERY SUNDRESS over his clothes.",,9,13.0
68983,The Gang Solves the Bathroom Problem_converted,DIALOGUE,CHARLIE,The wig is in case anyone peeks over the door.,,9,13.0
68984,The Gang Solves the Bathroom Problem_converted,DIALOGUE,MAC,And the dress?,,9,13.0
68985,The Gang Solves the Bathroom Problem_converted,DIALOGUE,CHARLIE,The dress pulls the whole look together.,,9,13.0
68986,The Gang Solves the Bathroom Problem_converted,DIALOGUE,FRANK,You are a crossdresser!,,9,13.0
68987,The Gang Solves the Bathroom Problem_converted,DIALOGUE,CHARLIE,"No I’m not. Look, I was raised by a single mom. And sometimes we'd be out at a mall or a stadium or whatever and I'd have to use the bathroom, but my mom wouldn’t let me use the men’s all by myself so she’d carry around a dress for me to wear so I could follow her into the ladies’ room and now I’ve been doing it for so many years that I guess I’m just more comfortable pooping this way. Whatever, I guess I identify as a woman when I’m pooping. It’s not that weird.",,9,13.0
68988,The Gang Solves the Bathroom Problem_converted,DIALOGUE,OTHERS,It’s pretty weird./So weird!,,9,13.0
68989,The Gang Solves the Bathroom Problem_converted,DIALOGUE,CHARLIE,Lots of people do it.,,9,13.0
68990,The Gang Solves the Bathroom Problem_converted,DIALOGUE,OTHERS,Nobody does that./You’re the only one.,,9,13.0
68991,The Gang Solves the Bathroom Problem_converted,,,,,10,13.0
68992,The Gang Solves the Bathroom Problem_converted,DIALOGUE,DENNIS,"Weird or not, it does bring up an interesting point: Dee, you said only moments ago that you would let a transgender woman use your bathroom.",,10,13.0
68993,The Gang Solves the Bathroom Problem_converted,DIALOGUE,SWEET DEE,"Yeah, and?",,10,13.0
68994,The Gang Solves the Bathroom Problem_converted,ACTION,,Dennis GESTURES to Charlie.,,10,13.0
68995,The Gang Solves the Bathroom Problem_converted,TRANSITION,,DEE (CONT’D),,10,13.0
68996,The Gang Solves the Bathroom Problem_converted,DIALOGUE,,No way. Charlie’s not transgender.,,10,13.0
68997,The Gang Solves the Bathroom Problem_converted,DIALOGUE,DENNIS,"No, he’s not. But he identifies as a woman, when he’s pooping.",,10,13.0
68998,The Gang Solves the Bathroom Problem_converted,DIALOGUE,SWEET DEE,That’s not the same thing.,,10,13.0
68999,The Gang Solves the Bathroom Problem_converted,DIALOGUE,DENNIS,"Isn't it? He feels like a woman. He’s got the wig, the shoes, the dress. I bet she’s even got a name.",,10,13.0
69000,The Gang Solves the Bathroom Problem_converted,TRANSITION,,CHARLIE,,10,13.0
69001,The Gang Solves the Bathroom Problem_converted,DIALOGUE,,I don’t see what that has to do with--,,10,13.0
69002,The Gang Solves the Bathroom Problem_converted,TRANSITION,,DENNIS,,10,13.0
69003,The Gang Solves the Bathroom Problem_converted,DIALOGUE,,"What's her name, Charlie?",,10,13.0
69004,The Gang Solves the Bathroom Problem_converted,TITLE,,A long PAUSE.,,10,13.0
69005,The Gang Solves the Bathroom Problem_converted,TRANSITION,,CHARLIE,,10,13.0
69006,The Gang Solves the Bathroom Problem_converted,DIALOGUE,,Joyce.,,10,13.0
69007,The Gang Solves the Bathroom Problem_converted,DIALOGUE,DENNIS,There it is.,,10,13.0
69008,The Gang Solves the Bathroom Problem_converted,DIALOGUE,MAC,It’s a pretty name.,,10,13.0
69009,The Gang Solves the Bathroom Problem_converted,DIALOGUE,DENNIS,"So, I propose that, for the sake of Joyce and others like her, we make both bathrooms available to all genders.",,10,13.0
69010,The Gang Solves the Bathroom Problem_converted,DIALOGUE,SWEET DEE,What?! No! You’re only saying that because you want to use my bathroom.,,10,13.0
69011,The Gang Solves the Bathroom Problem_converted,,,,,11,13.0
69012,The Gang Solves the Bathroom Problem_converted,DIALOGUE,DENNIS,I am not. I think Mac’s right. Our,,11,13.0
69013,The Gang Solves the Bathroom Problem_converted,PAGE_HEADER,,“ current system is antiquated and-- Is,,11,13.0
69014,The Gang Solves the Bathroom Problem_converted,DIALOGUE,,that a hand dryer?,,11,13.0
69015,The Gang Solves the Bathroom Problem_converted,ACTION,,REVEAL a HAND DRYER on the wall. Dennis goes to it.,,11,13.0
69016,The Gang Solves the Bathroom Problem_converted,DIALOGUE,MAC,Let's vote. All those in favor?,,11,13.0
69017,The Gang Solves the Bathroom Problem_converted,ACTION,,All the men raise their hands.,,11,13.0
69018,The Gang Solves the Bathroom Problem_converted,DIALOGUE,SWEET DEE,Goddamnit.,,11,13.0
69019,The Gang Solves the Bathroom Problem_converted,TRANSITION,,DENNIS,,11,13.0
69020,The Gang Solves the Bathroom Problem_converted,DIALOGUE,,"Great work, guys. I knew we could solve it. And we still have plenty of time to get a good night's sleep before Buffett.",,11,13.0
69021,The Gang Solves the Bathroom Problem_converted,TRANSITION,,CHARLIE,,11,13.0
69022,The Gang Solves the Bathroom Problem_converted,DIALOGUE,,We should probably update the signs.,,11,13.0
69023,The Gang Solves the Bathroom Problem_converted,TRANSITION,,DENNIS,,11,13.0
69024,The Gang Solves the Bathroom Problem_converted,DIALOGUE,,Right. Okay. Just gotta quickly update the signs that it’s clear that any gender can use any bathroom. How hard can that,,11,13.0
69025,The Gang Solves the Bathroom Problem_converted,ACTION,,\ be? TITLE: “HOURS LATER...”,,11,13.0
69026,The Gang Solves the Bathroom Problem_converted,SCENE_HEADING,,4 INT. PADDY’S PUB - NIGHT (N1),,11,13.0
69027,The Gang Solves the Bathroom Problem_converted,ACTION,,"The Gang stands outside the bathroom doors. Charlie’s no longer in the dress. The old signs are gone and Dennis holds up a new sign: a GENDER NEUTRAL sign with a half- male, half-female stick figure, plus a person in a wheelchair and a baby that appears to be floating.",,11,13.0
69028,The Gang Solves the Bathroom Problem_converted,TRANSITION,,DENNIS,,11,13.0
69029,The Gang Solves the Bathroom Problem_converted,DIALOGUE,,What’s wrong with this one again?,,11,13.0
69030,The Gang Solves the Bathroom Problem_converted,TRANSITION,,MAC,,11,13.0
69031,The Gang Solves the Bathroom Problem_converted,DIALOGUE,,Too busy.,,11,13.0
69032,The Gang Solves the Bathroom Problem_converted,TRANSITION,,DEE,,11,13.0
69033,The Gang Solves the Bathroom Problem_converted,DIALOGUE,,Mmm. It’s confusing.,,11,13.0
69034,The Gang Solves the Bathroom Problem_converted,TRANSITION,,CHARLIE,,11,13.0
69035,The Gang Solves the Bathroom Problem_converted,DIALOGUE,,Why is the baby floating? Is that wheelchair guy throwing babies around? We can’t have that.,,11,13.0
69036,The Gang Solves the Bathroom Problem_converted,,,,,12,13.0
69037,The Gang Solves the Bathroom Problem_converted,DIALOGUE,DENNIS,The baby is the symbol for a changing table.,,12,13.0
69038,The Gang Solves the Bathroom Problem_converted,TRANSITION,,FRANK,,12,13.0
69039,The Gang Solves the Bathroom Problem_converted,DIALOGUE,,I ripped those out. We can’t have babies to the bar. It’s unsanitary.,,12,13.0
69040,The Gang Solves the Bathroom Problem_converted,DIALOGUE,MAC,I agree. Babies are filthy.,,12,13.0
69041,The Gang Solves the Bathroom Problem_converted,TRANSITION,,DENNIS,,12,13.0
69042,The Gang Solves the Bathroom Problem_converted,DIALOGUE,,"Fine, we’ll get rid of the baby.",,12,13.0
69043,The Gang Solves the Bathroom Problem_converted,ACTION,,Dennis puts his hand over the baby symbol.,,12,13.0
69044,The Gang Solves the Bathroom Problem_converted,TRANSITION,,DENNIS (CONT’D),,12,13.0
69045,The Gang Solves the Bathroom Problem_converted,DIALOGUE,,How about now?,,12,13.0
69046,The Gang Solves the Bathroom Problem_converted,TRANSITION,,FRANK,,12,13.0
69047,The Gang Solves the Bathroom Problem_converted,DIALOGUE,,I don’t know. I don’t get that symbol. Looks like you have to be a he-she to poop in there.,,12,13.0
69048,The Gang Solves the Bathroom Problem_converted,DIALOGUE,SWEET DEE,"Well, don’t say He-she. Say “hermaphrodite.”",,12,13.0
69049,The Gang Solves the Bathroom Problem_converted,TRANSITION,,MAC,,12,13.0
69050,The Gang Solves the Bathroom Problem_converted,DIALOGUE,,Oooh. I think that’s wrong now too. I think you say intersex.,,12,13.0
69051,The Gang Solves the Bathroom Problem_converted,TRANSITION,,FRANK,,12,13.0
69052,The Gang Solves the Bathroom Problem_converted,DIALOGUE,,I can’t keep track of this. Why do I have to keep learning new things?,,12,13.0
69053,The Gang Solves the Bathroom Problem_converted,DIALOGUE,DENNIS,That’s called evolving but -- How about we just call the bathroom “gender neutral?”,,12,13.0
69054,The Gang Solves the Bathroom Problem_converted,TRANSITION,,FRANK,,12,13.0
69055,The Gang Solves the Bathroom Problem_converted,DIALOGUE,,What the hell does that mean? I ain’t neutral about my gender!,,12,13.0
69056,The Gang Solves the Bathroom Problem_converted,TRANSITION,,DEE,,12,13.0
69057,The Gang Solves the Bathroom Problem_converted,DIALOGUE,,How about the sign says “gender fluid?”,,12,13.0
69058,The Gang Solves the Bathroom Problem_converted,TRANSITION,,CHARLIE,,12,13.0
69059,The Gang Solves the Bathroom Problem_converted,DIALOGUE,,I don’t think you want to see people’s gender fluids on a sign.,,12,13.0
69060,The Gang Solves the Bathroom Problem_converted,,,,,13,13.0
69061,The Gang Solves the Bathroom Problem_converted,DIALOGUE,MAC,Guys. We’re getting nowhere. It’s all too,,13,13.0
69062,The Gang Solves the Bathroom Problem_converted,PAGE_HEADER,,s vague. I’ve got an idea. Let me try one?,,13,13.0
69063,The Gang Solves the Bathroom Problem_converted,DIALOGUE,,I know how to make this very clear.,,13,13.0
69064,The Gang Solves the Bathroom Problem_converted,TRANSITION,,CUT TOr,,13,13.0
69065,The Gang Solves the Bathroom Problem_converted,SCENE_HEADING,,5 INT. PADDY’S PUB - LATER (N1),,13,13.0
69066,The Gang Solves the Bathroom Problem_converted,ACTION,,Mac presents his proposal for the new bathroom sign. It’s completely BLURRED OUT.,,13,13.0
69067,The Gang Solves the Bathroom Problem_converted,TRANSITION,,CHARLIE,,13,13.0
69068,The Gang Solves the Bathroom Problem_converted,DIALOGUE,,What am I looking at?,,13,13.0
69069,The Gang Solves the Bathroom Problem_converted,TRANSITION,,FRANK,,13,13.0
69070,The Gang Solves the Bathroom Problem_converted,DIALOGUE,,It’s just dicks.,,13,13.0
69071,The Gang Solves the Bathroom Problem_converted,TRANSITION,,MAC,,13,13.0
69072,The Gang Solves the Bathroom Problem_converted,DIALOGUE,,No. That’s not true. There are some dicks.,,13,13.0
69073,The Gang Solves the Bathroom Problem_converted,TRANSITION,,DEE,,13,13.0
69074,The Gang Solves the Bathroom Problem_converted,DIALOGUE,,It’s mostly dicks.,,13,13.0
69075,The Gang Solves the Bathroom Problem_converted,TRANSITION,,MAC,,13,13.0
69076,The Gang Solves the Bathroom Problem_converted,DIALOGUE,,"Well, there’s also road kill and roast",,13,13.0
69077,The Gang Solves the Bathroom Problem_converted,PAGE_HEADER,,\ beef sandwiches to accurately depict what,,13,13.0
69078,The Gang Solves the Bathroom Problem_converted,DIALOGUE,,a vagina looks like.,,13,13.0
69079,The Gang Solves the Bathroom Problem_converted,TRANSITION,,DENNIS,,13,13.0
69080,The Gang Solves the Bathroom Problem_converted,DIALOGUE,,Right. Anyone uncomfortable?,,13,13.0
69081,The Gang Solves the Bathroom Problem_converted,ACTION,,Everyone but Mac raises their hands.,,13,13.0
69082,The Gang Solves the Bathroom Problem_converted,TRANSITION,,DENNIS (CONT'D),,13,13.0
69083,The Gang Solves the Bathroom Problem_converted,DIALOGUE,,Good. Moving on.,,13,13.0
69084,The Gang Solves the Bathroom Problem_converted,TRANSITION,,CUT ‘TO:,,13,13.0
69085,The Gang Solves the Bathroom Problem_converted,SCENE_HEADING,,6 INT. PADDY’S PUB - DAWN (D2),,13,13.0
69086,The Gang Solves the Bathroom Problem_converted,ACTION,,"Frank and Charlie present their bathroom sign. It’s a combination of symbols for MAN and WOMAN, the TRANSGENDER SYMBOL, a PEACE SIGN, a CRESCENT MOON AND STAR, and a DOLLAR SIGN.",,13,13.0
69087,The Gang Solves the Bathroom Problem_converted,TRANSITION,,CHARLIE,,13,13.0
69088,The Gang Solves the Bathroom Problem_converted,DIALOGUE,,See? Now everyone’s represented.,,13,13.0
69089,The Gang Solves the Bathroom Problem_converted,TRANSITION,,FRANK,,13,13.0
69090,The Gang Solves the Bathroom Problem_converted,DIALOGUE,,"This one covers men, women, he-she’s or interspecies or whatever it was, Christians, Muslims...",,13,13.0
69091,The Gang Solves the Bathroom Problem_converted,,,,,14,13.0
69092,The Gang Solves the Bathroom Problem_converted,TRANSITION,,DEE,,14,13.0
69093,The Gang Solves the Bathroom Problem_converted,DIALOGUE,,I assume the dollar sign supposed to be Jewish?,,14,13.0
69094,The Gang Solves the Bathroom Problem_converted,TRANSITION,,FRANK,,14,13.0
69095,The Gang Solves the Bathroom Problem_converted,DIALOGUE,,"Well, it ain’t the Mormons.",,14,13.0
69096,The Gang Solves the Bathroom Problem_converted,TRANSITION,,DENNIS,,14,13.0
69097,The Gang Solves the Bathroom Problem_converted,DIALOGUE,,Right. Well there’s no reason to bring religion into this.,,14,13.0
69098,The Gang Solves the Bathroom Problem_converted,TRANSITION,,FRANK,,14,13.0
69099,The Gang Solves the Bathroom Problem_converted,DIALOGUE,,"I just want to know who’s in there, cause it will make me feel more safe.",,14,13.0
69100,The Gang Solves the Bathroom Problem_converted,DIALOGUE,SWEET DEE,"Guys, it’s six in the morning. Can’t we just write “toilet” on both bathrooms and be done with it?",,14,13.0
69101,The Gang Solves the Bathroom Problem_converted,TITLE,,DENNIS/MAC/FRANK/ CHARLIE,,14,13.0
69102,The Gang Solves the Bathroom Problem_converted,DIALOGUE,,That could work./Simple./Fine with me.,,14,13.0
69103,The Gang Solves the Bathroom Problem_converted,TRANSITION,,DENNIS,,14,13.0
69104,The Gang Solves the Bathroom Problem_converted,DIALOGUE,,Great! That’s settled. Now let’s get the hell out of here.,,14,13.0
69105,The Gang Solves the Bathroom Problem_converted,ACTION,,They all head for the door. Dee hangs back.,,14,13.0
69106,The Gang Solves the Bathroom Problem_converted,TRANSITION,,DEE,,14,13.0
69107,The Gang Solves the Bathroom Problem_converted,DIALOGUE,,Cool. I’m just gonna pop a squat first. That Chinese went right through me.,,14,13.0
69108,The Gang Solves the Bathroom Problem_converted,ACTION,,Dee opens the door of what was the MEN’S BATHROOM.,,14,13.0
69109,The Gang Solves the Bathroom Problem_converted,TRANSITION,,THE GUYS,,14,13.0
69110,The Gang Solves the Bathroom Problem_converted,DIALOGUE,,Whoa! /Not cool./Hold on.,,14,13.0
69111,The Gang Solves the Bathroom Problem_converted,TRANSITION,,DEE,,14,13.0
69112,The Gang Solves the Bathroom Problem_converted,DIALOGUE,,What?,,14,13.0
69113,The Gang Solves the Bathroom Problem_converted,DIALOGUE,MAC,Why aren’t you using the good bathroom?,,14,13.0
69114,The Gang Solves the Bathroom Problem_converted,TRANSITION,,DEE,,14,13.0
69115,The Gang Solves the Bathroom Problem_converted,DIALOGUE,,"Cuz I’m about to do some damage, that’s why. What’s the difference?",,14,13.0
69116,The Gang Solves the Bathroom Problem_converted,TRANSITION,,FRANK,,14,13.0
69117,The Gang Solves the Bathroom Problem_converted,DIALOGUE,,I’m not comfortable with that!,,14,13.0
69118,The Gang Solves the Bathroom Problem_converted,DIALOGUE,DENNIS,So close.,,14,13.0
69119,The Gang Solves the Bathroom Problem_converted,,,,,15,13.0
69120,The Gang Solves the Bathroom Problem_converted,ACTION,,Dennis sighs and LOCKS THE DOOR again.,,15,13.0
69121,The Gang Solves the Bathroom Problem_converted,DIALOGUE,FRANK,"Honestly, I just don’t want to share a bathroom with any broads.",,15,13.0
69122,The Gang Solves the Bathroom Problem_converted,DIALOGUE,DENNIS,I thought we were all cool with this.,,15,13.0
69123,The Gang Solves the Bathroom Problem_converted,DIALOGUE,FRANK,"Yeah, but I didn’t think she was gonna smash in there. Women are not ladies when they’re pooping.",,15,13.0
69124,The Gang Solves the Bathroom Problem_converted,DIALOGUE,CHARLIE/DENNIS/MAC,Yeah./That’s true./He has a point.,,15,13.0
69125,The Gang Solves the Bathroom Problem_converted,DIALOGUE,SWEET DEE,"What? If women are so gross, then why is my bathroom the cleanest?",,15,13.0
69126,The Gang Solves the Bathroom Problem_converted,DIALOGUE,DENNIS,"Foot traffic. We get almost no women in here, and the ones that do come don’t stay long enough to use the bathroom.",,15,13.0
69127,The Gang Solves the Bathroom Problem_converted,DIALOGUE,CHARLIE,"Yeah, we should probably confine Dee’s damage to one or the other. Otherwise I gotta clean both.",,15,13.0
69128,The Gang Solves the Bathroom Problem_converted,DIALOGUE,MAC,"Charlie, you should be cleaning both bathrooms regardless.",,15,13.0
69129,The Gang Solves the Bathroom Problem_converted,TRANSITION,,CHARLIE,,15,13.0
69130,The Gang Solves the Bathroom Problem_converted,DIALOGUE,,"Okay, we’re getting off topic. Can we vote again? That was fun.",,15,13.0
69131,The Gang Solves the Bathroom Problem_converted,TRANSITION,,FRANK,,15,13.0
69132,The Gang Solves the Bathroom Problem_converted,DIALOGUE,,"I propose we let men pick either bathroom, but Dee’s gotta stay in hers. All those in favor?",,15,13.0
69133,The Gang Solves the Bathroom Problem_converted,ACTION,,All the guys raise their hand.,,15,13.0
69134,The Gang Solves the Bathroom Problem_converted,TRANSITION,,DEE,,15,13.0
69135,The Gang Solves the Bathroom Problem_converted,DIALOGUE,,Absolutely not! You can’t take away my right to choose.,,15,13.0
69136,The Gang Solves the Bathroom Problem_converted,TRANSITION,,MAC,,15,13.0
69137,The Gang Solves the Bathroom Problem_converted,DIALOGUE,,"Oh, you want to go there?",,15,13.0
69138,The Gang Solves the Bathroom Problem_converted,,,,,16,13.0
69139,The Gang Solves the Bathroom Problem_converted,TRANSITION,,DEE,,16,13.0
69140,The Gang Solves the Bathroom Problem_converted,DIALOGUE,,"Yeah I do. My body, my choice. It says so in the constitution.",,16,13.0
69141,The Gang Solves the Bathroom Problem_converted,TRANSITION,,MAC,,16,13.0
69142,The Gang Solves the Bathroom Problem_converted,DIALOGUE,,Well the Bible says--,,16,13.0
69143,The Gang Solves the Bathroom Problem_converted,ACTION,,Dennis gets between them.,,16,13.0
69144,The Gang Solves the Bathroom Problem_converted,TRANSITION,,DENNIS,,16,13.0
69145,The Gang Solves the Bathroom Problem_converted,DIALOGUE,,"Ah-ah-ah! Guys, let’s not start making this about abortion. We always do this. We veer way off topic and the next thing we know we’re arguing about evolution or Three Billboards, or ghouls...",,16,13.0
69146,The Gang Solves the Bathroom Problem_converted,DIALOGUE,CHARLIE,They do exist. I’ve seen them.,,16,13.0
69147,The Gang Solves the Bathroom Problem_converted,TRANSITION,,DENNIS,,16,13.0
69148,The Gang Solves the Bathroom Problem_converted,DIALOGUE,,"Fine. You haven’t. But fine. Let’s just stay on topic. We don’t want to miss Buffett, right?",,16,13.0
69149,The Gang Solves the Bathroom Problem_converted,DIALOGUE,CHARLIE,I've got a proposal then. How about separate bathrooms for separate bodily functions?,,16,13.0
69150,The Gang Solves the Bathroom Problem_converted,DIALOGUE,FRANK,A piss room and a shit room?,,16,13.0
69151,The Gang Solves the Bathroom Problem_converted,DIALOGUE,DENNIS,That’s intriguing.,,16,13.0
69152,The Gang Solves the Bathroom Problem_converted,ACTION,,"Charlie holds up TWO CARDS, marked #1 and #2.",,16,13.0
69153,The Gang Solves the Bathroom Problem_converted,DIALOGUE,CHARLIE,Boom. We label them number one and number two.,,16,13.0
69154,The Gang Solves the Bathroom Problem_converted,DIALOGUE,MAC,It’1ll never work. Nobody can shit when everybody knows you’re shitting.,,16,13.0
69155,The Gang Solves the Bathroom Problem_converted,DIALOGUE,SWEET DEE,Why not? Everyone does it.,,16,13.0
69156,The Gang Solves the Bathroom Problem_converted,DIALOGUE,MAC,But it’s a shameful act you do in secret.,,16,13.0
69157,The Gang Solves the Bathroom Problem_converted,DIALOGUE,FRANK,Even dogs know that. You ever see their eyes when they’re doin’ it? They know.,,16,13.0
69158,The Gang Solves the Bathroom Problem_converted,,,,,17,13.0
69159,The Gang Solves the Bathroom Problem_converted,DIALOGUE,MAC,The system invites abuse! Who here would lie and use the piss room to take a dump?,,17,13.0
69160,The Gang Solves the Bathroom Problem_converted,ACTION,,"Everyone raises their hand, including Charlie.",,17,13.0
69161,The Gang Solves the Bathroom Problem_converted,DIALOGUE,MAC,I rest my case.,,17,13.0
69162,The Gang Solves the Bathroom Problem_converted,DIALOGUE,DENNIS,"Well, maybe people wouldn’t cheat if they had more privacy. Like, if we extended the partitions so they went all the way to the ground...",,17,13.0
69163,The Gang Solves the Bathroom Problem_converted,DIALOGUE,SWEET DEE,"Ooh, I like that. A scented candle to cover the smell?",,17,13.0
69164,The Gang Solves the Bathroom Problem_converted,DIALOGUE,MAC,And noise to cover the sounds.,,17,13.0
69165,The Gang Solves the Bathroom Problem_converted,DIALOGUE,FRANK,"Loud noises, like screaming.",,17,13.0
69166,The Gang Solves the Bathroom Problem_converted,DIALOGUE,CHARLIE,Or music?,,17,13.0
69167,The Gang Solves the Bathroom Problem_converted,DIALOGUE,DENNIS,"Okay! Now we're getting somewhere. Dee, you grab the cardboard. I’1ll order the breakfast burritos.",,17,13.0
69168,The Gang Solves the Bathroom Problem_converted,TRANSITION,,CUT TO:,,17,13.0
69169,The Gang Solves the Bathroom Problem_converted,SCENE_HEADING,,7 OMITTED,,17,13.0
69170,The Gang Solves the Bathroom Problem_converted,SCENE_HEADING,,8 INT. PADDY’S PUB - MEN’S BATHROOM - LATER (D2),,17,13.0
69171,The Gang Solves the Bathroom Problem_converted,ACTION,,Dennis and Charlie stand outside the stalls. CARDBOARD PARTITIONS extend all the way to the floor. SOFT MUSAK plays. There’s a CANDLE.,,17,13.0
69172,The Gang Solves the Bathroom Problem_converted,DIALOGUE,CHARLIE,I like this already. It’s like I’m not even in a bathroom.,,17,13.0
69173,The Gang Solves the Bathroom Problem_converted,ACTION,,Charlie takes a bite of his BREAKFAST BURRITO.,,17,13.0
69174,The Gang Solves the Bathroom Problem_converted,DIALOGUE,DENNIS,"You are, though. Eating a burrito.",,17,13.0
69175,The Gang Solves the Bathroom Problem_converted,ACTION,,Two toilets FLUSH in succession. Mac and Dee emerge from the stalls.,,17,13.0
69176,The Gang Solves the Bathroom Problem_converted,,,,,18,13.0
69177,The Gang Solves the Bathroom Problem_converted,DIALOGUE,MAC,That was great!,,18,13.0
69178,The Gang Solves the Bathroom Problem_converted,DIALOGUE,SWEET DEE,"I did something in there, but I’m not saying what.",,18,13.0
69179,The Gang Solves the Bathroom Problem_converted,TRANSITION,,DENNIS,,18,13.0
69180,The Gang Solves the Bathroom Problem_converted,DIALOGUE,,"No need. I couldn’t hear a thing, couldn’t smell a thing.",,18,13.0
69181,The Gang Solves the Bathroom Problem_converted,ACTION,,Charlie knocks on the third stall.,,18,13.0
69182,The Gang Solves the Bathroom Problem_converted,TRANSITION,,CHARLIE,,18,13.0
69183,The Gang Solves the Bathroom Problem_converted,DIALOGUE,,Frank! How’s it going?,,18,13.0
69184,The Gang Solves the Bathroom Problem_converted,TRANSITION,,FRANK (0.S.),,18,13.0
69185,The Gang Solves the Bathroom Problem_converted,DIALOGUE,,I don’t like these long walls. I don’t know where to aim.,,18,13.0
69186,The Gang Solves the Bathroom Problem_converted,DIALOGUE,DENNIS,"Aim? Aim at the bowl, Frank!",,18,13.0
69187,The Gang Solves the Bathroom Problem_converted,ACTION,,Dennis pushes open the door to REVEAL: Frank sitting on the toilet with a GUN pointed at the door.,,18,13.0
69188,The Gang Solves the Bathroom Problem_converted,TRANSITION,,DENNIS (CONT'D),,18,13.0
69189,The Gang Solves the Bathroom Problem_converted,DIALOGUE,,Whoa! What the hell?,,18,13.0
69190,The Gang Solves the Bathroom Problem_converted,DIALOGUE,FRANK,Never sneak up on a man like that! Not when he’s at his most vulnerable.,,18,13.0
69191,The Gang Solves the Bathroom Problem_converted,DIALOGUE,MAC,Why are you holding a gun on the toilet?,,18,13.0
69192,The Gang Solves the Bathroom Problem_converted,DIALOGUE,FRANK,I always hold a gun on the toilet. Otherwise I can’t make.,,18,13.0
69193,The Gang Solves the Bathroom Problem_converted,TRANSITION,,DEE,,18,13.0
69194,The Gang Solves the Bathroom Problem_converted,DIALOGUE,,I am so not comfortable with that.,,18,13.0
69195,The Gang Solves the Bathroom Problem_converted,ACTION,,The others agree with Dee. Can’t have that.,,18,13.0
69196,The Gang Solves the Bathroom Problem_converted,DIALOGUE,FRANK,Tough titties. I’ve got a right to defend myself. That’s in the Constitution.,,18,13.0
69197,The Gang Solves the Bathroom Problem_converted,DIALOGUE,SWEET DEE,Nowhere in the Constitution does it say you get to hold a gun while shitting.,,18,13.0
69198,The Gang Solves the Bathroom Problem_converted,,,,,19,13.0
69199,The Gang Solves the Bathroom Problem_converted,DIALOGUE,FRANK,Try the second amendment. It’s number two for a reason.,,19,13.0
69200,The Gang Solves the Bathroom Problem_converted,TRANSITION,,DEE,,19,13.0
69201,The Gang Solves the Bathroom Problem_converted,DIALOGUE,,Have you ever read the Constitution?,,19,13.0
69202,The Gang Solves the Bathroom Problem_converted,ACTION,,"Just then, Mac spots something above Frank's head.",,19,13.0
69203,The Gang Solves the Bathroom Problem_converted,TRANSITION,,MAC,,19,13.0
69204,The Gang Solves the Bathroom Problem_converted,DIALOGUE,,"While we’re solving bathroom problems, I have a question.",,19,13.0
69205,The Gang Solves the Bathroom Problem_converted,ACTION,,Mac reaches above Frank and pulls out a disposable paper TOILET SEAT COVER.,,19,13.0
69206,The Gang Solves the Bathroom Problem_converted,TRANSITION,,MAC (CONT’D),,19,13.0
69207,The Gang Solves the Bathroom Problem_converted,DIALOGUE,,Does anyone ever use these?,,19,13.0
69208,The Gang Solves the Bathroom Problem_converted,ACTION,,They all mumble yes.,,19,13.0
69209,The Gang Solves the Bathroom Problem_converted,TRANSITION,,MAC (CONT'D),,19,13.0
69210,The Gang Solves the Bathroom Problem_converted,DIALOGUE,,Really.,,19,13.0
69211,The Gang Solves the Bathroom Problem_converted,ACTION,,They all mumble no.,,19,13.0
69212,The Gang Solves the Bathroom Problem_converted,TRANSITION,,MAC (CONT'D (CONT’D),,19,13.0
69213,The Gang Solves the Bathroom Problem_converted,DIALOGUE,,I can’t figure out how they’re supposed to work!,,19,13.0
69214,The Gang Solves the Bathroom Problem_converted,TRANSITION,,FRANK,,19,13.0
69215,The Gang Solves the Bathroom Problem_converted,DIALOGUE,,I thought it was a crab bib. For when you’re noshin’ claws on the john.,,19,13.0
69216,The Gang Solves the Bathroom Problem_converted,TRANSITION,,DENNIS,,19,13.0
69217,The Gang Solves the Bathroom Problem_converted,DIALOGUE,,Okay. Let’s take a quick min to figure this one out.,,19,13.0
69218,The Gang Solves the Bathroom Problem_converted,TITLE,,TITLE: “MANY MORE HOURS LATER...”,,19,13.0
69219,The Gang Solves the Bathroom Problem_converted,SCENE_HEADING,,9 INT. PADDY'S PUB - DAY (D2),,19,13.0
69220,The Gang Solves the Bathroom Problem_converted,ACTION,,"Dennis DEMONSTRATES how to properly use a seat cover, using a bar stool as a makeshift toilet.",,19,13.0
69221,The Gang Solves the Bathroom Problem_converted,DIALOGUE,DENNIS,"So what we’ve learned is that, the cover is there to protect us from harmful germs and it’s proper use is to put the flap facing the front of the toilet bowl. Like so. Which none of us ever knew.",,19,13.0
69222,The Gang Solves the Bathroom Problem_converted,TRANSITION,,GANG,,19,13.0
69223,The Gang Solves the Bathroom Problem_converted,DIALOGUE,,Crazy./Still seems wrong./Who knew?,,19,13.0
69224,The Gang Solves the Bathroom Problem_converted,,,,,20,13.0
69225,The Gang Solves the Bathroom Problem_converted,DIALOGUE,DENNIS,"However, we all also agree that we would never bother to use it because it is simply creating an illusion of safety and that no paper this thin could possibly ever protect you from anything.",,20,13.0
69226,The Gang Solves the Bathroom Problem_converted,ACTION,,They all agree.,,20,13.0
69227,The Gang Solves the Bathroom Problem_converted,TRANSITION,,DENNIS (CONT’D),,20,13.0
69228,The Gang Solves the Bathroom Problem_converted,DIALOGUE,,Great! Solved that problem.,,20,13.0
69229,The Gang Solves the Bathroom Problem_converted,DIALOGUE,MAC,Now we can go to Buffett!,,20,13.0
69230,The Gang Solves the Bathroom Problem_converted,TRANSITION,,DEE,,20,13.0
69231,The Gang Solves the Bathroom Problem_converted,DIALOGUE,,That wasn’t the problem we were trying to ‘ solve!,,20,13.0
69232,The Gang Solves the Bathroom Problem_converted,ACTION,,Frank is looking at his phone.,,20,13.0
69233,The Gang Solves the Bathroom Problem_converted,TRANSITION,,FRANK,,20,13.0
69234,The Gang Solves the Bathroom Problem_converted,DIALOGUE,,Yo!. I’m reading up on the Constitution. Did you know there’s a part in here that says a freed slave is only three-fifths of a person? This shit is wild! ‘ DENNIS Stop talking about the Constitution!,,20,13.0
69235,The Gang Solves the Bathroom Problem_converted,DIALOGUE,FRANK,I say we handle this Constitution-style. White landowners get a full bathroom and everybody else gets three-fifths.,,20,13.0
69236,The Gang Solves the Bathroom Problem_converted,TRANSITION,,DEE,,20,13.0
69237,The Gang Solves the Bathroom Problem_converted,DIALOGUE,,What is three-fifths of a bathroom?,,20,13.0
69238,The Gang Solves the Bathroom Problem_converted,TRANSITION,,FRANK,,20,13.0
69239,The Gang Solves the Bathroom Problem_converted,DIALOGUE,,Piss in the sink?,,20,13.0
69240,The Gang Solves the Bathroom Problem_converted,TRANSITION,,DENNIS,,20,13.0
69241,The Gang Solves the Bathroom Problem_converted,DIALOGUE,,"Don’t be ridiculous, Frank.",,20,13.0
69242,The Gang Solves the Bathroom Problem_converted,TRANSITION,,CHARLIE,,20,13.0
69243,The Gang Solves the Bathroom Problem_converted,DIALOGUE,,"Yeah, let’s not get math involved.",,20,13.0
69244,The Gang Solves the Bathroom Problem_converted,TRANSITION,,MAC,,20,13.0
69245,The Gang Solves the Bathroom Problem_converted,DIALOGUE,,"Actually, Frank just gave me an idea. Reparations! Minorities have been treated like shit in this county for too long, so I say we give them the good bathroom.",,20,13.0
69246,The Gang Solves the Bathroom Problem_converted,TRANSITION,,(MORE),,20,13.0
69247,The Gang Solves the Bathroom Problem_converted,,,,,21,13.0
69248,The Gang Solves the Bathroom Problem_converted,DIALOGUE,MAC,"You know, to make up for all the countless injustices they’ve suffered. And we put up a sign so they know.",,21,13.0
69249,The Gang Solves the Bathroom Problem_converted,DIALOGUE,DENNIS,You’re proposing a sign that says “Minorities Only”?,,21,13.0
69250,The Gang Solves the Bathroom Problem_converted,DIALOGUE,SWEET DEE,What’s the other one say?,,21,13.0
69251,The Gang Solves the Bathroom Problem_converted,DIALOGUE,MAC,"Uh... ""No Minorities Allowed.”",,21,13.0
69252,The Gang Solves the Bathroom Problem_converted,DIALOGUE,THE GANG,That’s problematic./Yeah No./Optics are bad.,,21,13.0
69253,The Gang Solves the Bathroom Problem_converted,DIALOGUE,MAC,"No. It’s progressive. It’s a bathroom for non-whites, women, and gays.",,21,13.0
69254,The Gang Solves the Bathroom Problem_converted,DIALOGUE,SWEET DEE,"Okay, I like this idea. I’m in.",,21,13.0
69255,The Gang Solves the Bathroom Problem_converted,DIALOGUE,DENNIS,"Oh, so now you’re okay with Mac using your bathroom?",,21,13.0
69256,The Gang Solves the Bathroom Problem_converted,DIALOGUE,SWEET DEE,I don’t want the majority of people shitting in my bathroom.,,21,13.0
69257,The Gang Solves the Bathroom Problem_converted,DIALOGUE,MAC,Great. All those in favor?,,21,13.0
69258,The Gang Solves the Bathroom Problem_converted,ACTION,,Mac and Dee raise their hands.,,21,13.0
69259,The Gang Solves the Bathroom Problem_converted,DIALOGUE,MAC,"Charlie, raise your hand. You’re on our side, because of the whole Joyce thing.",,21,13.0
69260,The Gang Solves the Bathroom Problem_converted,DIALOGUE,SWEET DEE,"Yeah, Charlie. Do it for Joyce.",,21,13.0
69261,The Gang Solves the Bathroom Problem_converted,DIALOGUE,CHARLIE,i don’t know...,,21,13.0
69262,The Gang Solves the Bathroom Problem_converted,DIALOGUE,DENNIS,"Hold on now. Think about this, Charlie. There’s no shame in doing what’s best for the majority. That’s what a democracy is. Trying to please the greatest number of people.",,21,13.0
69263,The Gang Solves the Bathroom Problem_converted,,,,,22,13.0
69264,The Gang Solves the Bathroom Problem_converted,TRANSITION,,FRANK,,22,13.0
69265,The Gang Solves the Bathroom Problem_converted,DIALOGUE,,White people.,,22,13.0
69266,The Gang Solves the Bathroom Problem_converted,TRANSITION,,DENNIS,,22,13.0
69267,The Gang Solves the Bathroom Problem_converted,DIALOGUE,,"Please don’t help. Look, we can’t please everybody. We all want our own version of paradise. I like mine with lettuce and tomato, Heinz 57 and French-fried potatoes. But that’s me. Some people like their cheeseburgers with pineapple.",,22,13.0
69268,The Gang Solves the Bathroom Problem_converted,ACTION,,The others REACT to this: gross.,,22,13.0
69269,The Gang Solves the Bathroom Problem_converted,TRANSITION,,DENNIS (CONT'D),,22,13.0
69270,The Gang Solves the Bathroom Problem_converted,DIALOGUE,,Exactly! Now does that mean that we should offer pineapple in every hamburger store? Of course not.,,22,13.0
69271,The Gang Solves the Bathroom Problem_converted,DIALOGUE,FRANK,"They should take it/off pizza, too! The Hawaiians are savages!",,22,13.0
69272,The Gang Solves the Bathroom Problem_converted,TRANSITION,,DENNIS,,22,13.0
69273,The Gang Solves the Bathroom Problem_converted,DIALOGUE,,"Frank, I’m doing a-- I hate when you’re on my side.",,22,13.0
69274,The Gang Solves the Bathroom Problem_converted,DIALOGUE,FRANK,We cannot let the tyranny of the minority oppress the majority. We cannot let the select few dictate how to have our cheeseburgers. Or our bathrooms.,(SIGH),22,13.0
69275,The Gang Solves the Bathroom Problem_converted,TRANSITION,,CHARLIE,,22,13.0
69276,The Gang Solves the Bathroom Problem_converted,DIALOGUE,,"Wow, those words make a lotta sense.",,22,13.0
69277,The Gang Solves the Bathroom Problem_converted,TRANSITION,,MAC,,22,13.0
69278,The Gang Solves the Bathroom Problem_converted,DIALOGUE,,"Look, the whole Majority Rules thing might have worked in Medieval times, but we live in a society now. And a society is judged by how it treats its most vulnerable people. We have to speak for those who can’t speak for themselves.",,22,13.0
69279,The Gang Solves the Bathroom Problem_converted,DIALOGUE,SWEET DEE,And that’s why--,,22,13.0
69280,The Gang Solves the Bathroom Problem_converted,TRANSITION,,MAC,,22,13.0
69281,The Gang Solves the Bathroom Problem_converted,DIALOGUE,,"Shut up, Dee, I’m talking! We have to protect the most marginalized among us. So I say we change our attitudes, we change our latitudes, and we vote for a “Minorities Only” bathroom.",,22,13.0
69282,The Gang Solves the Bathroom Problem_converted,TRANSITION,,CHARLIE,,22,13.0
69283,The Gang Solves the Bathroom Problem_converted,DIALOGUE,,"Mmm-hmm. His words make more sense, too.",,22,13.0
69284,The Gang Solves the Bathroom Problem_converted,,,,,23,13.0
69285,The Gang Solves the Bathroom Problem_converted,DIALOGUE,MAC,All those in favor of doing the right thing and giving minorities the good bathroom?,,23,13.0
69286,The Gang Solves the Bathroom Problem_converted,ACTION,,"Mac, Dee, and Charlie start to raise their hands when:",,23,13.0
69287,The Gang Solves the Bathroom Problem_converted,TRANSITION,,FRANK,,23,13.0
69288,The Gang Solves the Bathroom Problem_converted,DIALOGUE,,Wait!,,23,13.0
69289,The Gang Solves the Bathroom Problem_converted,DIALOGUE,MAC,I just looked up the demographics of Philly. It says here this city is 54 percent women and 68 percent Christian. That means Mac and Dee are in the majority.,(re: phone),23,13.0
69290,The Gang Solves the Bathroom Problem_converted,DIALOGUE,MAC,What? That can’t be right.,,23,13.0
69291,The Gang Solves the Bathroom Problem_converted,ACTION,,He grabs Frank’s phone to check.,,23,13.0
69292,The Gang Solves the Bathroom Problem_converted,DIALOGUE,FRANK,"It also says this town is 52% black, which means white men like Dennis and I are the real minorities.",,23,13.0
69293,The Gang Solves the Bathroom Problem_converted,DIALOGUE,DENNIS,So we should get the good bathroom!,,23,13.0
69294,The Gang Solves the Bathroom Problem_converted,TRANSITION,,DEE,,23,13.0
69295,The Gang Solves the Bathroom Problem_converted,DIALOGUE,,Goddamnit.,,23,13.0
69296,The Gang Solves the Bathroom Problem_converted,DIALOGUE,MAC,But I’m gay! That’s a minority.,,23,13.0
69297,The Gang Solves the Bathroom Problem_converted,DIALOGUE,DENNIS,Are you more gay than you are Catholic?,,23,13.0
69298,The Gang Solves the Bathroom Problem_converted,DIALOGUE,MAC,I don’t know. They’re at war.,,23,13.0
69299,The Gang Solves the Bathroom Problem_converted,ACTION,,Mac hands Frank back his phone.,,23,13.0
69300,The Gang Solves the Bathroom Problem_converted,DIALOGUE,CHARLIE,What does it say about transgenders?,,23,13.0
69301,The Gang Solves the Bathroom Problem_converted,DIALOGUE,FRANK,Less than 1 percent.,,23,13.0
69302,The Gang Solves the Bathroom Problem_converted,DIALOGUE,CHARLIE,Right. So that would make me...,,23,13.0
69303,The Gang Solves the Bathroom Problem_converted,DIALOGUE,DENNIS,The minority.,,23,13.0
69304,The Gang Solves the Bathroom Problem_converted,,,,,24,13.0
69305,The Gang Solves the Bathroom Problem_converted,DIALOGUE,CHARLIE,Right. And that would mean...,,24,13.0
69306,The Gang Solves the Bathroom Problem_converted,DIALOGUE,DENNIS,,,24,13.0
69307,The Gang Solves the Bathroom Problem_converted,DIALOGUE,DENNIS,You explain it to him. Because I can’t.,(to Frank),24,13.0
69308,The Gang Solves the Bathroom Problem_converted,TRANSITION,,FRANK,,24,13.0
69309,The Gang Solves the Bathroom Problem_converted,DIALOGUE,,It means you get the good bathroom.,,24,13.0
69310,The Gang Solves the Bathroom Problem_converted,DIALOGUE,CHARLIE,Awesome!,,24,13.0
69311,The Gang Solves the Bathroom Problem_converted,DIALOGUE,DENNIS,"All those in favor of doing the actual right thing, and giving the real minorities the good bathroom?",,24,13.0
69312,The Gang Solves the Bathroom Problem_converted,ACTION,,"Charlie, Dennis, and Frank all raise their hands. Mac and Dee begrudgingly join them.",,24,13.0
69313,The Gang Solves the Bathroom Problem_converted,DIALOGUE,DENNIS,It’s unanimous. White non-Christian men get the good bathroom.,,24,13.0
69314,The Gang Solves the Bathroom Problem_converted,DIALOGUE,FRANK,At last.,,24,13.0
69315,The Gang Solves the Bathroom Problem_converted,DIALOGUE,CHARLIE,So that’s it? We can go to Buffett now?,,24,13.0
69316,The Gang Solves the Bathroom Problem_converted,DIALOGUE,DENNIS,"Yes we can. And if we hurry up, we can still fit in a little tailgating.",,24,13.0
69317,The Gang Solves the Bathroom Problem_converted,DIALOGUE,FRANK,I’1l bring the grill. Who wants cheeseburgers?,,24,13.0
69318,The Gang Solves the Bathroom Problem_converted,ACTION,,They head toward the door. But Mac and Dee DON’T MOVE.,,24,13.0
69319,The Gang Solves the Bathroom Problem_converted,DIALOGUE,SWEET DEE,We're not going.,,24,13.0
69320,The Gang Solves the Bathroom Problem_converted,DIALOGUE,DENNIS,What?,,24,13.0
69321,The Gang Solves the Bathroom Problem_converted,DIALOGUE,MAC,"You used Buffett’s words to promote discrimination, dude. That’s not right.",,24,13.0
69322,The Gang Solves the Bathroom Problem_converted,DIALOGUE,DENNIS,But you have to go! You two are the only other real Parrotheads of the bunch.,,24,13.0
69323,The Gang Solves the Bathroom Problem_converted,DIALOGUE,DENNIS,,(MORE ),24,13.0
69324,The Gang Solves the Bathroom Problem_converted,,,,,25,13.0
69325,The Gang Solves the Bathroom Problem_converted,DIALOGUE,DENNIS,Frank’s only there for the chicks and Charlie doesn’t even know the songs!,,25,13.0
69326,The Gang Solves the Bathroom Problem_converted,DIALOGUE,CHARLIE,Hey! I know the songs.,,25,13.0
69327,The Gang Solves the Bathroom Problem_converted,DIALOGUE,CHARLIE,"Aruba, Jamaica, oh I want to take ya--",(singing),25,13.0
69328,The Gang Solves the Bathroom Problem_converted,DIALOGUE,DENNIS,That's Beach Boys! That’s the Beach Boys!,,25,13.0
69329,The Gang Solves the Bathroom Problem_converted,DIALOGUE,FRANK,He’s right. There’s no point in going to Buffett if we don’t all go together.,,25,13.0
69330,The Gang Solves the Bathroom Problem_converted,DIALOGUE,SWEET DEE,Then I guess we’re not going to Buffett.,,25,13.0
69331,The Gang Solves the Bathroom Problem_converted,ACTION,,A SOMBER SILENCE as this realization sinks in.,,25,13.0
69332,The Gang Solves the Bathroom Problem_converted,TITLE,,TITLE: “ONE HOUR TO BUFFETT...”,,25,13.0
69333,The Gang Solves the Bathroom Problem_converted,SCENE_HEADING,,10 INT. PADDY’S PUB - DUSK (D2) 10,,25,13.0
69334,The Gang Solves the Bathroom Problem_converted,ACTION,,"The Gang sits at the bar, drinking. The good vibes of the Cold Open are gone. After a sad moment:",,25,13.0
69335,The Gang Solves the Bathroom Problem_converted,DIALOGUE,CHARLIE,,,25,13.0
69336,The Gang Solves the Bathroom Problem_converted,DIALOGUE,CHARLIE,If you like pina coladas...,(singing to himself),25,13.0
69337,The Gang Solves the Bathroom Problem_converted,TRANSITION,,DENNIS,,25,13.0
69338,The Gang Solves the Bathroom Problem_converted,DIALOGUE,,"Please, Charlie. It’s too painful.",,25,13.0
69339,The Gang Solves the Bathroom Problem_converted,TRANSITION,,CHARLIE,,25,13.0
69340,The Gang Solves the Bathroom Problem_converted,DIALOGUE,,But you said it’s not Buffett.,,25,13.0
69341,The Gang Solves the Bathroom Problem_converted,TRANSITION,,DENNIS,,25,13.0
69342,The Gang Solves the Bathroom Problem_converted,DIALOGUE,,It’s close enough.,,25,13.0
69343,The Gang Solves the Bathroom Problem_converted,DIALOGUE,MAC,Have you guys ever listened to the lyrics of that song? It’s super dark.,,25,13.0
69344,The Gang Solves the Bathroom Problem_converted,TRANSITION,,DEE,,25,13.0
69345,The Gang Solves the Bathroom Problem_converted,DIALOGUE,,What?,,25,13.0
69346,The Gang Solves the Bathroom Problem_converted,DIALOGUE,MAC,"Yeah. It’s about a guy trying to cheat on his wife. The song starts “I was tired of my lady, we'd been together too long.”",,25,13.0
69347,The Gang Solves the Bathroom Problem_converted,,,,,26,13.0
69348,The Gang Solves the Bathroom Problem_converted,DIALOGUE,CHARLIE,,,26,13.0
69349,The Gang Solves the Bathroom Problem_converted,PAGE_HEADER,,{ Really? It seems like such a happy song.,,26,13.0
69350,The Gang Solves the Bathroom Problem_converted,PAGE_HEADER,,"- I mean, who doesn’t like pina coladas?",,26,13.0
69351,The Gang Solves the Bathroom Problem_converted,DIALOGUE,SWEET DEE,"Uh, I don’t. As a woman on-the-go, I can’t waste precious time waiting for my drink to thaw.",,26,13.0
69352,The Gang Solves the Bathroom Problem_converted,DIALOGUE,DENNIS,"See, as a straight man, I enjoy pifia coladas. But I hate getting caught in the rain. It flattens my hair and you all know how good I look in leather.",,26,13.0
69353,The Gang Solves the Bathroom Problem_converted,ACTION,,They agree. He does.,,26,13.0
69354,The Gang Solves the Bathroom Problem_converted,DIALOGUE,FRANK,"How about making love at midnight? As a senior citizen, I can’t get it up past six, six-thirty.",,26,13.0
69355,The Gang Solves the Bathroom Problem_converted,DIALOGUE,CHARLIE,"Well, as a straight man who poops transgender, I don’t have any desire to go to Aruba or Jamaica for that matter.",,26,13.0
69356,The Gang Solves the Bathroom Problem_converted,DIALOGUE,DEE/DENNIS,,,26,13.0
69357,The Gang Solves the Bathroom Problem_converted,OTHER,,be,,26,13.0
69358,The Gang Solves the Bathroom Problem_converted,DIALOGUE,,"That’s not a thing, right?/Never was./Not the song.",,26,13.0
69359,The Gang Solves the Bathroom Problem_converted,DIALOGUE,MAC,I guess when you get right down to it we all identify very different... out here. But you know what? We’re not so different...,,26,13.0
69360,The Gang Solves the Bathroom Problem_converted,ACTION,,He points to the bathrooms.,,26,13.0
69361,The Gang Solves the Bathroom Problem_converted,TRANSITION,,MAC (CONT'D),,26,13.0
69362,The Gang Solves the Bathroom Problem_converted,DIALOGUE,,...in there. In there we’re all the same.,,26,13.0
69363,The Gang Solves the Bathroom Problem_converted,TRANSITION,,DENNIS,,26,13.0
69364,The Gang Solves the Bathroom Problem_converted,DIALOGUE,MAC,"Yeah, behind those doors we’re all disgusting. Vulnerable. Ashamed.",(getting it),26,13.0
69365,The Gang Solves the Bathroom Problem_converted,TRANSITION,,FRANK,,26,13.0
69366,The Gang Solves the Bathroom Problem_converted,DIALOGUE,,Like a bunch of filthy animals dumping in a shithouse.,,26,13.0
69367,The Gang Solves the Bathroom Problem_converted,,,,,27,13.0
69368,The Gang Solves the Bathroom Problem_converted,DIALOGUE,MAC,We're all animals. It’s the only common thread between a peasant and a king. Everyone has to shit.,,27,13.0
69369,The Gang Solves the Bathroom Problem_converted,DIALOGUE,CHARLIE,"We've been trying to make everyone comfortable in that shithouse, but the truth is, whatever your identity is, no one is ever, ever comfortable shitting next to someone else.",,27,13.0
69370,The Gang Solves the Bathroom Problem_converted,DIALOGUE,FRANK,"But if everyone is going to be uncomfortable sharing the bathroom, then how can we solve the problem?",,27,13.0
69371,The Gang Solves the Bathroom Problem_converted,DIALOGUE,SWEET DEE,"Well, I guess the only thing we can do is... recognize that in there we’re all the same and that we should just treat other people how we’d like to be treated.",,27,13.0
69372,The Gang Solves the Bathroom Problem_converted,ACTION,,This last part BLOWS EVERYONE AWAY.,,27,13.0
69373,The Gang Solves the Bathroom Problem_converted,DIALOGUE,MAC,"Whoa, Dee.",,27,13.0
69374,The Gang Solves the Bathroom Problem_converted,DIALOGUE,FRANK,Did you just make that up?,,27,13.0
69375,The Gang Solves the Bathroom Problem_converted,DIALOGUE,SWEET DEE,Yeah. I guess I did.,,27,13.0
69376,The Gang Solves the Bathroom Problem_converted,DIALOGUE,CHARLIE,Is that in the Constitution?,,27,13.0
69377,The Gang Solves the Bathroom Problem_converted,DIALOGUE,SWEET DEE,"It feels like it should be, right?",,27,13.0
69378,The Gang Solves the Bathroom Problem_converted,DIALOGUE,DENNIS,"Hey, guys. I think I might have a solution to our bathroom problem.",,27,13.0
69379,The Gang Solves the Bathroom Problem_converted,TITLE,,TITLE: “FIVE MINUTES LATER...”,,27,13.0
69380,The Gang Solves the Bathroom Problem_converted,SCENE_HEADING,,aL INT. PADDY’S PUB - FIVE MINUTES LATER - DUSK (D2) i:,,27,13.0
69381,The Gang Solves the Bathroom Problem_converted,ACTION,,"Dennis finishes hanging a NEW BATHROOM SIGN. We don’t see what it is, but the rest of the gang looks pleased.",,27,13.0
69382,The Gang Solves the Bathroom Problem_converted,DIALOGUE,MAC,That’s it!,,27,13.0
69383,The Gang Solves the Bathroom Problem_converted,,,,,28,13.0
69384,The Gang Solves the Bathroom Problem_converted,DIALOGUE,CHARLIE,Can’t argue with that.,,28,13.0
69385,The Gang Solves the Bathroom Problem_converted,DIALOGUE,FRANK,We did it.,,28,13.0
69386,The Gang Solves the Bathroom Problem_converted,DIALOGUE,SWEET DEE,"Hey, if we hurry, we can still make it to Buffett!",,28,13.0
69387,The Gang Solves the Bathroom Problem_converted,DIALOGUE,DENNIS,Let’s go!,,28,13.0
69388,The Gang Solves the Bathroom Problem_converted,ACTION,,The Gang heads for the door. Good vibes all around.,,28,13.0
69389,The Gang Solves the Bathroom Problem_converted,DIALOGUE,CHARLIE,,,28,13.0
69390,The Gang Solves the Bathroom Problem_converted,DIALOGUE,CHARLIE,If you like pina coladas...,(singing),28,13.0
69391,The Gang Solves the Bathroom Problem_converted,DIALOGUE,DENNIS,,,28,13.0
69392,The Gang Solves the Bathroom Problem_converted,DIALOGUE,DENNIS,And getting caught in the rain.,(singing),28,13.0
69393,The Gang Solves the Bathroom Problem_converted,ACTION,,"The rest of the Gang JOINS IN, singing this new Buffett classic. As they go, we hang on the bathroom doors. There’s a sign hung on each which reads...",,28,13.0
69394,The Gang Solves the Bathroom Problem_converted,TITLE,,“ANIMAL SHITHOUSE”,,28,13.0
69395,The Gang Solves the Bathroom Problem_converted,ACTION,,The song continues as we...,,28,13.0
69396,The Gang Solves the Bathroom Problem_converted,TRANSITION,,FADE OUT.,,28,13.0
